2026-05-24 05:54:05,665 [INFO] Connecting to Appium...
2026-05-24 05:54:18,423 [INFO] App launched — screen 1080x2400
2026-05-24 05:54:18,426 [INFO] Total users: 1
2026-05-24 05:54:18,427 [INFO] 
===== USER 1: 8247282471 =====
2026-05-24 05:54:18,516 [INFO] Screen size detected: 1080 x 2400
2026-05-24 05:54:18,516 [INFO] ===== HANDLING PERMISSIONS =====
2026-05-24 05:54:34,419 [INFO] STEP 1: LOGIN
2026-05-24 05:54:34,419 [INFO] VALIDATING SCREEN: login_screen
2026-05-24 05:54:34,419 [INFO] 🔍 Looking for screen: login_screen
2026-05-24 05:54:34,425 [ERROR] Pixel check failed: Message: An unknown server-side error occurred while processing the command. Original error: 'GET /screenshot' cannot be proxied to UiAutomator2 server because the instrumentation process is not running (probably crashed). Check the server log and/or the logcat output for more details
Stacktrace:
UnknownError: An unknown server-side error occurred while processing the command. Original error: 'GET /screenshot' cannot be proxied to UiAutomator2 server because the instrumentation process is not running (probably crashed). Check the server log and/or the logcat output for more details
    at UIA2Proxy.command (C:\Users\user\AppData\Roaming\npm\node_modules\appium\node_modules\@appium\base-driver\lib\jsonwp-proxy\proxy.js:359:13)
    at processTicksAndRejections (node:internal/process/task_queues:103:5)
    at AndroidUiautomator2Driver.getScreenshot (C:\Users\user\.appium\node_modules\appium-uiautomator2-driver\lib\commands\screenshot.js:42:5)
2026-05-24 05:54:34,431 [ERROR] Pixel check failed: Message: An unknown server-side error occurred while processing the command. Original error: 'GET /screenshot' cannot be proxied to UiAutomator2 server because the instrumentation process is not running (probably crashed). Check the server log and/or the logcat output for more details
Stacktrace:
UnknownError: An unknown server-side error occurred while processing the command. Original error: 'GET /screenshot' cannot be proxied to UiAutomator2 server because the instrumentation process is not running (probably crashed). Check the server log and/or the logcat output for more details
    at UIA2Proxy.command (C:\Users\user\AppData\Roaming\npm\node_modules\appium\node_modules\@appium\base-driver\lib\jsonwp-proxy\proxy.js:359:13)
    at processTicksAndRejections (node:internal/process/task_queues:103:5)
    at AndroidUiautomator2Driver.getScreenshot (C:\Users\user\.appium\node_modules\appium-uiautomator2-driver\lib\commands\screenshot.js:42:5)
2026-05-24 05:54:34,435 [ERROR] Pixel check failed: Message: An unknown server-side error occurred while processing the command. Original error: 'GET /screenshot' cannot be proxied to UiAutomator2 server because the instrumentation process is not running (probably crashed). Check the server log and/or the logcat output for more details
Stacktrace:
UnknownError: An unknown server-side error occurred while processing the command. Original error: 'GET /screenshot' cannot be proxied to UiAutomator2 server because the instrumentation process is not running (probably crashed). Check the server log and/or the logcat output for more details
    at UIA2Proxy.command (C:\Users\user\AppData\Roaming\npm\node_modules\appium\node_modules\@appium\base-driver\lib\jsonwp-proxy\proxy.js:359:13)
    at processTicksAndRejections (node:internal/process/task_queues:103:5)
    at AndroidUiautomator2Driver.getScreenshot (C:\Users\user\.appium\node_modules\appium-uiautomator2-driver\lib\commands\screenshot.js:42:5)
2026-05-24 05:54:34,438 [ERROR] Pixel check failed: Message: An unknown server-side error occurred while processing the command. Original error: 'GET /screenshot' cannot be proxied to UiAutomator2 server because the instrumentation process is not running (probably crashed). Check the server log and/or the logcat output for more details
Stacktrace:
UnknownError: An unknown server-side error occurred while processing the command. Original error: 'GET /screenshot' cannot be proxied to UiAutomator2 server because the instrumentation process is not running (probably crashed). Check the server log and/or the logcat output for more details
    at UIA2Proxy.command (C:\Users\user\AppData\Roaming\npm\node_modules\appium\node_modules\@appium\base-driver\lib\jsonwp-proxy\proxy.js:359:13)
    at processTicksAndRejections (node:internal/process/task_queues:103:5)
    at AndroidUiautomator2Driver.getScreenshot (C:\Users\user\.appium\node_modules\appium-uiautomator2-driver\lib\commands\screenshot.js:42:5)
2026-05-24 05:54:34,440 [ERROR] Pixel check failed: Message: An unknown server-side error occurred while processing the command. Original error: 'GET /screenshot' cannot be proxied to UiAutomator2 server because the instrumentation process is not running (probably crashed). Check the server log and/or the logcat output for more details
Stacktrace:
UnknownError: An unknown server-side error occurred while processing the command. Original error: 'GET /screenshot' cannot be proxied to UiAutomator2 server because the instrumentation process is not running (probably crashed). Check the server log and/or the logcat output for more details
    at UIA2Proxy.command (C:\Users\user\AppData\Roaming\npm\node_modules\appium\node_modules\@appium\base-driver\lib\jsonwp-proxy\proxy.js:359:13)
    at processTicksAndRejections (node:internal/process/task_queues:103:5)
    at AndroidUiautomator2Driver.getScreenshot (C:\Users\user\.appium\node_modules\appium-uiautomator2-driver\lib\commands\screenshot.js:42:5)
2026-05-24 05:54:34,447 [ERROR] Pixel check failed: Message: An unknown server-side error occurred while processing the command. Original error: 'GET /screenshot' cannot be proxied to UiAutomator2 server because the instrumentation process is not running (probably crashed). Check the server log and/or the logcat output for more details
Stacktrace:
UnknownError: An unknown server-side error occurred while processing the command. Original error: 'GET /screenshot' cannot be proxied to UiAutomator2 server because the instrumentation process is not running (probably crashed). Check the server log and/or the logcat output for more details
    at UIA2Proxy.command (C:\Users\user\AppData\Roaming\npm\node_modules\appium\node_modules\@appium\base-driver\lib\jsonwp-proxy\proxy.js:359:13)
    at processTicksAndRejections (node:internal/process/task_queues:103:5)
    at AndroidUiautomator2Driver.getScreenshot (C:\Users\user\.appium\node_modules\appium-uiautomator2-driver\lib\commands\screenshot.js:42:5)
2026-05-24 05:54:34,452 [ERROR] Pixel check failed: Message: An unknown server-side error occurred while processing the command. Original error: 'GET /screenshot' cannot be proxied to UiAutomator2 server because the instrumentation process is not running (probably crashed). Check the server log and/or the logcat output for more details
Stacktrace:
UnknownError: An unknown server-side error occurred while processing the command. Original error: 'GET /screenshot' cannot be proxied to UiAutomator2 server because the instrumentation process is not running (probably crashed). Check the server log and/or the logcat output for more details
    at UIA2Proxy.command (C:\Users\user\AppData\Roaming\npm\node_modules\appium\node_modules\@appium\base-driver\lib\jsonwp-proxy\proxy.js:359:13)
    at processTicksAndRejections (node:internal/process/task_queues:103:5)
    at AndroidUiautomator2Driver.getScreenshot (C:\Users\user\.appium\node_modules\appium-uiautomator2-driver\lib\commands\screenshot.js:42:5)
2026-05-24 05:54:34,452 [INFO] Current screen detected: unknown
2026-05-24 05:54:35,453 [ERROR] Pixel check failed: Message: An unknown server-side error occurred while processing the command. Original error: 'GET /screenshot' cannot be proxied to UiAutomator2 server because the instrumentation process is not running (probably crashed). Check the server log and/or the logcat output for more details
Stacktrace:
UnknownError: An unknown server-side error occurred while processing the command. Original error: 'GET /screenshot' cannot be proxied to UiAutomator2 server because the instrumentation process is not running (probably crashed). Check the server log and/or the logcat output for more details
    at UIA2Proxy.command (C:\Users\user\AppData\Roaming\npm\node_modules\appium\node_modules\@appium\base-driver\lib\jsonwp-proxy\proxy.js:359:13)
    at processTicksAndRejections (node:internal/process/task_queues:103:5)
    at AndroidUiautomator2Driver.getScreenshot (C:\Users\user\.appium\node_modules\appium-uiautomator2-driver\lib\commands\screenshot.js:42:5)
2026-05-24 05:54:35,460 [ERROR] Pixel check failed: Message: An unknown server-side error occurred while processing the command. Original error: 'GET /screenshot' cannot be proxied to UiAutomator2 server because the instrumentation process is not running (probably crashed). Check the server log and/or the logcat output for more details
Stacktrace:
UnknownError: An unknown server-side error occurred while processing the command. Original error: 'GET /screenshot' cannot be proxied to UiAutomator2 server because the instrumentation process is not running (probably crashed). Check the server log and/or the logcat output for more details
    at UIA2Proxy.command (C:\Users\user\AppData\Roaming\npm\node_modules\appium\node_modules\@appium\base-driver\lib\jsonwp-proxy\proxy.js:359:13)
    at processTicksAndRejections (node:internal/process/task_queues:103:5)
    at AndroidUiautomator2Driver.getScreenshot (C:\Users\user\.appium\node_modules\appium-uiautomator2-driver\lib\commands\screenshot.js:42:5)
2026-05-24 05:54:35,466 [ERROR] Pixel check failed: Message: An unknown server-side error occurred while processing the command. Original error: 'GET /screenshot' cannot be proxied to UiAutomator2 server because the instrumentation process is not running (probably crashed). Check the server log and/or the logcat output for more details
Stacktrace:
UnknownError: An unknown server-side error occurred while processing the command. Original error: 'GET /screenshot' cannot be proxied to UiAutomator2 server because the instrumentation process is not running (probably crashed). Check the server log and/or the logcat output for more details
    at UIA2Proxy.command (C:\Users\user\AppData\Roaming\npm\node_modules\appium\node_modules\@appium\base-driver\lib\jsonwp-proxy\proxy.js:359:13)
    at processTicksAndRejections (node:internal/process/task_queues:103:5)
    at AndroidUiautomator2Driver.getScreenshot (C:\Users\user\.appium\node_modules\appium-uiautomator2-driver\lib\commands\screenshot.js:42:5)
2026-05-24 05:54:35,470 [ERROR] Pixel check failed: Message: An unknown server-side error occurred while processing the command. Original error: 'GET /screenshot' cannot be proxied to UiAutomator2 server because the instrumentation process is not running (probably crashed). Check the server log and/or the logcat output for more details
Stacktrace:
UnknownError: An unknown server-side error occurred while processing the command. Original error: 'GET /screenshot' cannot be proxied to UiAutomator2 server because the instrumentation process is not running (probably crashed). Check the server log and/or the logcat output for more details
    at UIA2Proxy.command (C:\Users\user\AppData\Roaming\npm\node_modules\appium\node_modules\@appium\base-driver\lib\jsonwp-proxy\proxy.js:359:13)
    at processTicksAndRejections (node:internal/process/task_queues:103:5)
    at AndroidUiautomator2Driver.getScreenshot (C:\Users\user\.appium\node_modules\appium-uiautomator2-driver\lib\commands\screenshot.js:42:5)
2026-05-24 05:54:35,475 [ERROR] Pixel check failed: Message: An unknown server-side error occurred while processing the command. Original error: 'GET /screenshot' cannot be proxied to UiAutomator2 server because the instrumentation process is not running (probably crashed). Check the server log and/or the logcat output for more details
Stacktrace:
UnknownError: An unknown server-side error occurred while processing the command. Original error: 'GET /screenshot' cannot be proxied to UiAutomator2 server because the instrumentation process is not running (probably crashed). Check the server log and/or the logcat output for more details
    at UIA2Proxy.command (C:\Users\user\AppData\Roaming\npm\node_modules\appium\node_modules\@appium\base-driver\lib\jsonwp-proxy\proxy.js:359:13)
    at processTicksAndRejections (node:internal/process/task_queues:103:5)
    at AndroidUiautomator2Driver.getScreenshot (C:\Users\user\.appium\node_modules\appium-uiautomator2-driver\lib\commands\screenshot.js:42:5)
2026-05-24 05:54:35,478 [ERROR] Pixel check failed: Message: An unknown server-side error occurred while processing the command. Original error: 'GET /screenshot' cannot be proxied to UiAutomator2 server because the instrumentation process is not running (probably crashed). Check the server log and/or the logcat output for more details
Stacktrace:
UnknownError: An unknown server-side error occurred while processing the command. Original error: 'GET /screenshot' cannot be proxied to UiAutomator2 server because the instrumentation process is not running (probably crashed). Check the server log and/or the logcat output for more details
    at UIA2Proxy.command (C:\Users\user\AppData\Roaming\npm\node_modules\appium\node_modules\@appium\base-driver\lib\jsonwp-proxy\proxy.js:359:13)
    at processTicksAndRejections (node:internal/process/task_queues:103:5)
    at AndroidUiautomator2Driver.getScreenshot (C:\Users\user\.appium\node_modules\appium-uiautomator2-driver\lib\commands\screenshot.js:42:5)
2026-05-24 05:54:35,480 [ERROR] Pixel check failed: Message: An unknown server-side error occurred while processing the command. Original error: 'GET /screenshot' cannot be proxied to UiAutomator2 server because the instrumentation process is not running (probably crashed). Check the server log and/or the logcat output for more details
Stacktrace:
UnknownError: An unknown server-side error occurred while processing the command. Original error: 'GET /screenshot' cannot be proxied to UiAutomator2 server because the instrumentation process is not running (probably crashed). Check the server log and/or the logcat output for more details
    at UIA2Proxy.command (C:\Users\user\AppData\Roaming\npm\node_modules\appium\node_modules\@appium\base-driver\lib\jsonwp-proxy\proxy.js:359:13)
    at processTicksAndRejections (node:internal/process/task_queues:103:5)
    at AndroidUiautomator2Driver.getScreenshot (C:\Users\user\.appium\node_modules\appium-uiautomator2-driver\lib\commands\screenshot.js:42:5)
2026-05-24 05:54:35,483 [INFO] Current screen detected: unknown
2026-05-24 05:54:36,485 [ERROR] Pixel check failed: Message: An unknown server-side error occurred while processing the command. Original error: 'GET /screenshot' cannot be proxied to UiAutomator2 server because the instrumentation process is not running (probably crashed). Check the server log and/or the logcat output for more details
Stacktrace:
UnknownError: An unknown server-side error occurred while processing the command. Original error: 'GET /screenshot' cannot be proxied to UiAutomator2 server because the instrumentation process is not running (probably crashed). Check the server log and/or the logcat output for more details
    at UIA2Proxy.command (C:\Users\user\AppData\Roaming\npm\node_modules\appium\node_modules\@appium\base-driver\lib\jsonwp-proxy\proxy.js:359:13)
    at processTicksAndRejections (node:internal/process/task_queues:103:5)
    at AndroidUiautomator2Driver.getScreenshot (C:\Users\user\.appium\node_modules\appium-uiautomator2-driver\lib\commands\screenshot.js:42:5)
2026-05-24 05:54:36,487 [ERROR] Pixel check failed: Message: An unknown server-side error occurred while processing the command. Original error: 'GET /screenshot' cannot be proxied to UiAutomator2 server because the instrumentation process is not running (probably crashed). Check the server log and/or the logcat output for more details
Stacktrace:
UnknownError: An unknown server-side error occurred while processing the command. Original error: 'GET /screenshot' cannot be proxied to UiAutomator2 server because the instrumentation process is not running (probably crashed). Check the server log and/or the logcat output for more details
    at UIA2Proxy.command (C:\Users\user\AppData\Roaming\npm\node_modules\appium\node_modules\@appium\base-driver\lib\jsonwp-proxy\proxy.js:359:13)
    at processTicksAndRejections (node:internal/process/task_queues:103:5)
    at AndroidUiautomator2Driver.getScreenshot (C:\Users\user\.appium\node_modules\appium-uiautomator2-driver\lib\commands\screenshot.js:42:5)
2026-05-24 05:54:36,495 [ERROR] Pixel check failed: Message: An unknown server-side error occurred while processing the command. Original error: 'GET /screenshot' cannot be proxied to UiAutomator2 server because the instrumentation process is not running (probably crashed). Check the server log and/or the logcat output for more details
Stacktrace:
UnknownError: An unknown server-side error occurred while processing the command. Original error: 'GET /screenshot' cannot be proxied to UiAutomator2 server because the instrumentation process is not running (probably crashed). Check the server log and/or the logcat output for more details
    at UIA2Proxy.command (C:\Users\user\AppData\Roaming\npm\node_modules\appium\node_modules\@appium\base-driver\lib\jsonwp-proxy\proxy.js:359:13)
    at processTicksAndRejections (node:internal/process/task_queues:103:5)
    at AndroidUiautomator2Driver.getScreenshot (C:\Users\user\.appium\node_modules\appium-uiautomator2-driver\lib\commands\screenshot.js:42:5)
2026-05-24 05:54:36,498 [ERROR] Pixel check failed: Message: An unknown server-side error occurred while processing the command. Original error: 'GET /screenshot' cannot be proxied to UiAutomator2 server because the instrumentation process is not running (probably crashed). Check the server log and/or the logcat output for more details
Stacktrace:
UnknownError: An unknown server-side error occurred while processing the command. Original error: 'GET /screenshot' cannot be proxied to UiAutomator2 server because the instrumentation process is not running (probably crashed). Check the server log and/or the logcat output for more details
    at UIA2Proxy.command (C:\Users\user\AppData\Roaming\npm\node_modules\appium\node_modules\@appium\base-driver\lib\jsonwp-proxy\proxy.js:359:13)
    at processTicksAndRejections (node:internal/process/task_queues:103:5)
    at AndroidUiautomator2Driver.getScreenshot (C:\Users\user\.appium\node_modules\appium-uiautomator2-driver\lib\commands\screenshot.js:42:5)
2026-05-24 05:54:36,502 [ERROR] Pixel check failed: Message: An unknown server-side error occurred while processing the command. Original error: 'GET /screenshot' cannot be proxied to UiAutomator2 server because the instrumentation process is not running (probably crashed). Check the server log and/or the logcat output for more details
Stacktrace:
UnknownError: An unknown server-side error occurred while processing the command. Original error: 'GET /screenshot' cannot be proxied to UiAutomator2 server because the instrumentation process is not running (probably crashed). Check the server log and/or the logcat output for more details
    at UIA2Proxy.command (C:\Users\user\AppData\Roaming\npm\node_modules\appium\node_modules\@appium\base-driver\lib\jsonwp-proxy\proxy.js:359:13)
    at processTicksAndRejections (node:internal/process/task_queues:103:5)
    at AndroidUiautomator2Driver.getScreenshot (C:\Users\user\.appium\node_modules\appium-uiautomator2-driver\lib\commands\screenshot.js:42:5)
2026-05-24 05:54:36,504 [ERROR] Pixel check failed: Message: An unknown server-side error occurred while processing the command. Original error: 'GET /screenshot' cannot be proxied to UiAutomator2 server because the instrumentation process is not running (probably crashed). Check the server log and/or the logcat output for more details
Stacktrace:
UnknownError: An unknown server-side error occurred while processing the command. Original error: 'GET /screenshot' cannot be proxied to UiAutomator2 server because the instrumentation process is not running (probably crashed). Check the server log and/or the logcat output for more details
    at UIA2Proxy.command (C:\Users\user\AppData\Roaming\npm\node_modules\appium\node_modules\@appium\base-driver\lib\jsonwp-proxy\proxy.js:359:13)
    at processTicksAndRejections (node:internal/process/task_queues:103:5)
    at AndroidUiautomator2Driver.getScreenshot (C:\Users\user\.appium\node_modules\appium-uiautomator2-driver\lib\commands\screenshot.js:42:5)
2026-05-24 05:54:36,507 [ERROR] Pixel check failed: Message: An unknown server-side error occurred while processing the command. Original error: 'GET /screenshot' cannot be proxied to UiAutomator2 server because the instrumentation process is not running (probably crashed). Check the server log and/or the logcat output for more details
Stacktrace:
UnknownError: An unknown server-side error occurred while processing the command. Original error: 'GET /screenshot' cannot be proxied to UiAutomator2 server because the instrumentation process is not running (probably crashed). Check the server log and/or the logcat output for more details
    at UIA2Proxy.command (C:\Users\user\AppData\Roaming\npm\node_modules\appium\node_modules\@appium\base-driver\lib\jsonwp-proxy\proxy.js:359:13)
    at processTicksAndRejections (node:internal/process/task_queues:103:5)
    at AndroidUiautomator2Driver.getScreenshot (C:\Users\user\.appium\node_modules\appium-uiautomator2-driver\lib\commands\screenshot.js:42:5)
2026-05-24 05:54:36,507 [INFO] Current screen detected: unknown
2026-05-24 05:54:37,512 [ERROR] Pixel check failed: Message: An unknown server-side error occurred while processing the command. Original error: 'GET /screenshot' cannot be proxied to UiAutomator2 server because the instrumentation process is not running (probably crashed). Check the server log and/or the logcat output for more details
Stacktrace:
UnknownError: An unknown server-side error occurred while processing the command. Original error: 'GET /screenshot' cannot be proxied to UiAutomator2 server because the instrumentation process is not running (probably crashed). Check the server log and/or the logcat output for more details
    at UIA2Proxy.command (C:\Users\user\AppData\Roaming\npm\node_modules\appium\node_modules\@appium\base-driver\lib\jsonwp-proxy\proxy.js:359:13)
    at processTicksAndRejections (node:internal/process/task_queues:103:5)
    at AndroidUiautomator2Driver.getScreenshot (C:\Users\user\.appium\node_modules\appium-uiautomator2-driver\lib\commands\screenshot.js:42:5)
2026-05-24 05:54:37,516 [ERROR] Pixel check failed: Message: An unknown server-side error occurred while processing the command. Original error: 'GET /screenshot' cannot be proxied to UiAutomator2 server because the instrumentation process is not running (probably crashed). Check the server log and/or the logcat output for more details
Stacktrace:
UnknownError: An unknown server-side error occurred while processing the command. Original error: 'GET /screenshot' cannot be proxied to UiAutomator2 server because the instrumentation process is not running (probably crashed). Check the server log and/or the logcat output for more details
    at UIA2Proxy.command (C:\Users\user\AppData\Roaming\npm\node_modules\appium\node_modules\@appium\base-driver\lib\jsonwp-proxy\proxy.js:359:13)
    at processTicksAndRejections (node:internal/process/task_queues:103:5)
    at AndroidUiautomator2Driver.getScreenshot (C:\Users\user\.appium\node_modules\appium-uiautomator2-driver\lib\commands\screenshot.js:42:5)
2026-05-24 05:54:37,520 [ERROR] Pixel check failed: Message: An unknown server-side error occurred while processing the command. Original error: 'GET /screenshot' cannot be proxied to UiAutomator2 server because the instrumentation process is not running (probably crashed). Check the server log and/or the logcat output for more details
Stacktrace:
UnknownError: An unknown server-side error occurred while processing the command. Original error: 'GET /screenshot' cannot be proxied to UiAutomator2 server because the instrumentation process is not running (probably crashed). Check the server log and/or the logcat output for more details
    at UIA2Proxy.command (C:\Users\user\AppData\Roaming\npm\node_modules\appium\node_modules\@appium\base-driver\lib\jsonwp-proxy\proxy.js:359:13)
    at processTicksAndRejections (node:internal/process/task_queues:103:5)
    at AndroidUiautomator2Driver.getScreenshot (C:\Users\user\.appium\node_modules\appium-uiautomator2-driver\lib\commands\screenshot.js:42:5)
2026-05-24 05:54:37,523 [ERROR] Pixel check failed: Message: An unknown server-side error occurred while processing the command. Original error: 'GET /screenshot' cannot be proxied to UiAutomator2 server because the instrumentation process is not running (probably crashed). Check the server log and/or the logcat output for more details
Stacktrace:
UnknownError: An unknown server-side error occurred while processing the command. Original error: 'GET /screenshot' cannot be proxied to UiAutomator2 server because the instrumentation process is not running (probably crashed). Check the server log and/or the logcat output for more details
    at UIA2Proxy.command (C:\Users\user\AppData\Roaming\npm\node_modules\appium\node_modules\@appium\base-driver\lib\jsonwp-proxy\proxy.js:359:13)
    at processTicksAndRejections (node:internal/process/task_queues:103:5)
    at AndroidUiautomator2Driver.getScreenshot (C:\Users\user\.appium\node_modules\appium-uiautomator2-driver\lib\commands\screenshot.js:42:5)
2026-05-24 05:54:37,526 [ERROR] Pixel check failed: Message: An unknown server-side error occurred while processing the command. Original error: 'GET /screenshot' cannot be proxied to UiAutomator2 server because the instrumentation process is not running (probably crashed). Check the server log and/or the logcat output for more details
Stacktrace:
UnknownError: An unknown server-side error occurred while processing the command. Original error: 'GET /screenshot' cannot be proxied to UiAutomator2 server because the instrumentation process is not running (probably crashed). Check the server log and/or the logcat output for more details
    at UIA2Proxy.command (C:\Users\user\AppData\Roaming\npm\node_modules\appium\node_modules\@appium\base-driver\lib\jsonwp-proxy\proxy.js:359:13)
    at processTicksAndRejections (node:internal/process/task_queues:103:5)
    at AndroidUiautomator2Driver.getScreenshot (C:\Users\user\.appium\node_modules\appium-uiautomator2-driver\lib\commands\screenshot.js:42:5)
2026-05-24 05:54:37,531 [ERROR] Pixel check failed: Message: An unknown server-side error occurred while processing the command. Original error: 'GET /screenshot' cannot be proxied to UiAutomator2 server because the instrumentation process is not running (probably crashed). Check the server log and/or the logcat output for more details
Stacktrace:
UnknownError: An unknown server-side error occurred while processing the command. Original error: 'GET /screenshot' cannot be proxied to UiAutomator2 server because the instrumentation process is not running (probably crashed). Check the server log and/or the logcat output for more details
    at UIA2Proxy.command (C:\Users\user\AppData\Roaming\npm\node_modules\appium\node_modules\@appium\base-driver\lib\jsonwp-proxy\proxy.js:359:13)
    at processTicksAndRejections (node:internal/process/task_queues:103:5)
    at AndroidUiautomator2Driver.getScreenshot (C:\Users\user\.appium\node_modules\appium-uiautomator2-driver\lib\commands\screenshot.js:42:5)
2026-05-24 05:54:37,535 [ERROR] Pixel check failed: Message: An unknown server-side error occurred while processing the command. Original error: 'GET /screenshot' cannot be proxied to UiAutomator2 server because the instrumentation process is not running (probably crashed). Check the server log and/or the logcat output for more details
Stacktrace:
UnknownError: An unknown server-side error occurred while processing the command. Original error: 'GET /screenshot' cannot be proxied to UiAutomator2 server because the instrumentation process is not running (probably crashed). Check the server log and/or the logcat output for more details
    at UIA2Proxy.command (C:\Users\user\AppData\Roaming\npm\node_modules\appium\node_modules\@appium\base-driver\lib\jsonwp-proxy\proxy.js:359:13)
    at processTicksAndRejections (node:internal/process/task_queues:103:5)
    at AndroidUiautomator2Driver.getScreenshot (C:\Users\user\.appium\node_modules\appium-uiautomator2-driver\lib\commands\screenshot.js:42:5)
2026-05-24 05:54:37,535 [INFO] Current screen detected: unknown
2026-05-24 05:54:38,540 [ERROR] Pixel check failed: Message: An unknown server-side error occurred while processing the command. Original error: 'GET /screenshot' cannot be proxied to UiAutomator2 server because the instrumentation process is not running (probably crashed). Check the server log and/or the logcat output for more details
Stacktrace:
UnknownError: An unknown server-side error occurred while processing the command. Original error: 'GET /screenshot' cannot be proxied to UiAutomator2 server because the instrumentation process is not running (probably crashed). Check the server log and/or the logcat output for more details
    at UIA2Proxy.command (C:\Users\user\AppData\Roaming\npm\node_modules\appium\node_modules\@appium\base-driver\lib\jsonwp-proxy\proxy.js:359:13)
    at processTicksAndRejections (node:internal/process/task_queues:103:5)
    at AndroidUiautomator2Driver.getScreenshot (C:\Users\user\.appium\node_modules\appium-uiautomator2-driver\lib\commands\screenshot.js:42:5)
2026-05-24 05:54:38,545 [ERROR] Pixel check failed: Message: An unknown server-side error occurred while processing the command. Original error: 'GET /screenshot' cannot be proxied to UiAutomator2 server because the instrumentation process is not running (probably crashed). Check the server log and/or the logcat output for more details
Stacktrace:
UnknownError: An unknown server-side error occurred while processing the command. Original error: 'GET /screenshot' cannot be proxied to UiAutomator2 server because the instrumentation process is not running (probably crashed). Check the server log and/or the logcat output for more details
    at UIA2Proxy.command (C:\Users\user\AppData\Roaming\npm\node_modules\appium\node_modules\@appium\base-driver\lib\jsonwp-proxy\proxy.js:359:13)
    at processTicksAndRejections (node:internal/process/task_queues:103:5)
    at AndroidUiautomator2Driver.getScreenshot (C:\Users\user\.appium\node_modules\appium-uiautomator2-driver\lib\commands\screenshot.js:42:5)
2026-05-24 05:54:38,552 [ERROR] Pixel check failed: Message: An unknown server-side error occurred while processing the command. Original error: 'GET /screenshot' cannot be proxied to UiAutomator2 server because the instrumentation process is not running (probably crashed). Check the server log and/or the logcat output for more details
Stacktrace:
UnknownError: An unknown server-side error occurred while processing the command. Original error: 'GET /screenshot' cannot be proxied to UiAutomator2 server because the instrumentation process is not running (probably crashed). Check the server log and/or the logcat output for more details
    at UIA2Proxy.command (C:\Users\user\AppData\Roaming\npm\node_modules\appium\node_modules\@appium\base-driver\lib\jsonwp-proxy\proxy.js:359:13)
    at processTicksAndRejections (node:internal/process/task_queues:103:5)
    at AndroidUiautomator2Driver.getScreenshot (C:\Users\user\.appium\node_modules\appium-uiautomator2-driver\lib\commands\screenshot.js:42:5)
2026-05-24 05:54:38,556 [ERROR] Pixel check failed: Message: An unknown server-side error occurred while processing the command. Original error: 'GET /screenshot' cannot be proxied to UiAutomator2 server because the instrumentation process is not running (probably crashed). Check the server log and/or the logcat output for more details
Stacktrace:
UnknownError: An unknown server-side error occurred while processing the command. Original error: 'GET /screenshot' cannot be proxied to UiAutomator2 server because the instrumentation process is not running (probably crashed). Check the server log and/or the logcat output for more details
    at UIA2Proxy.command (C:\Users\user\AppData\Roaming\npm\node_modules\appium\node_modules\@appium\base-driver\lib\jsonwp-proxy\proxy.js:359:13)
    at processTicksAndRejections (node:internal/process/task_queues:103:5)
    at AndroidUiautomator2Driver.getScreenshot (C:\Users\user\.appium\node_modules\appium-uiautomator2-driver\lib\commands\screenshot.js:42:5)
2026-05-24 05:54:38,561 [ERROR] Pixel check failed: Message: An unknown server-side error occurred while processing the command. Original error: 'GET /screenshot' cannot be proxied to UiAutomator2 server because the instrumentation process is not running (probably crashed). Check the server log and/or the logcat output for more details
Stacktrace:
UnknownError: An unknown server-side error occurred while processing the command. Original error: 'GET /screenshot' cannot be proxied to UiAutomator2 server because the instrumentation process is not running (probably crashed). Check the server log and/or the logcat output for more details
    at UIA2Proxy.command (C:\Users\user\AppData\Roaming\npm\node_modules\appium\node_modules\@appium\base-driver\lib\jsonwp-proxy\proxy.js:359:13)
    at processTicksAndRejections (node:internal/process/task_queues:103:5)
    at AndroidUiautomator2Driver.getScreenshot (C:\Users\user\.appium\node_modules\appium-uiautomator2-driver\lib\commands\screenshot.js:42:5)
2026-05-24 05:54:38,565 [ERROR] Pixel check failed: Message: An unknown server-side error occurred while processing the command. Original error: 'GET /screenshot' cannot be proxied to UiAutomator2 server because the instrumentation process is not running (probably crashed). Check the server log and/or the logcat output for more details
Stacktrace:
UnknownError: An unknown server-side error occurred while processing the command. Original error: 'GET /screenshot' cannot be proxied to UiAutomator2 server because the instrumentation process is not running (probably crashed). Check the server log and/or the logcat output for more details
    at UIA2Proxy.command (C:\Users\user\AppData\Roaming\npm\node_modules\appium\node_modules\@appium\base-driver\lib\jsonwp-proxy\proxy.js:359:13)
    at processTicksAndRejections (node:internal/process/task_queues:103:5)
    at AndroidUiautomator2Driver.getScreenshot (C:\Users\user\.appium\node_modules\appium-uiautomator2-driver\lib\commands\screenshot.js:42:5)
2026-05-24 05:54:38,568 [ERROR] Pixel check failed: Message: An unknown server-side error occurred while processing the command. Original error: 'GET /screenshot' cannot be proxied to UiAutomator2 server because the instrumentation process is not running (probably crashed). Check the server log and/or the logcat output for more details
Stacktrace:
UnknownError: An unknown server-side error occurred while processing the command. Original error: 'GET /screenshot' cannot be proxied to UiAutomator2 server because the instrumentation process is not running (probably crashed). Check the server log and/or the logcat output for more details
    at UIA2Proxy.command (C:\Users\user\AppData\Roaming\npm\node_modules\appium\node_modules\@appium\base-driver\lib\jsonwp-proxy\proxy.js:359:13)
    at processTicksAndRejections (node:internal/process/task_queues:103:5)
    at AndroidUiautomator2Driver.getScreenshot (C:\Users\user\.appium\node_modules\appium-uiautomator2-driver\lib\commands\screenshot.js:42:5)
2026-05-24 05:54:38,570 [INFO] Current screen detected: unknown
2026-05-24 05:54:39,573 [ERROR] Pixel check failed: Message: An unknown server-side error occurred while processing the command. Original error: 'GET /screenshot' cannot be proxied to UiAutomator2 server because the instrumentation process is not running (probably crashed). Check the server log and/or the logcat output for more details
Stacktrace:
UnknownError: An unknown server-side error occurred while processing the command. Original error: 'GET /screenshot' cannot be proxied to UiAutomator2 server because the instrumentation process is not running (probably crashed). Check the server log and/or the logcat output for more details
    at UIA2Proxy.command (C:\Users\user\AppData\Roaming\npm\node_modules\appium\node_modules\@appium\base-driver\lib\jsonwp-proxy\proxy.js:359:13)
    at processTicksAndRejections (node:internal/process/task_queues:103:5)
    at AndroidUiautomator2Driver.getScreenshot (C:\Users\user\.appium\node_modules\appium-uiautomator2-driver\lib\commands\screenshot.js:42:5)
2026-05-24 05:54:39,577 [ERROR] Pixel check failed: Message: An unknown server-side error occurred while processing the command. Original error: 'GET /screenshot' cannot be proxied to UiAutomator2 server because the instrumentation process is not running (probably crashed). Check the server log and/or the logcat output for more details
Stacktrace:
UnknownError: An unknown server-side error occurred while processing the command. Original error: 'GET /screenshot' cannot be proxied to UiAutomator2 server because the instrumentation process is not running (probably crashed). Check the server log and/or the logcat output for more details
    at UIA2Proxy.command (C:\Users\user\AppData\Roaming\npm\node_modules\appium\node_modules\@appium\base-driver\lib\jsonwp-proxy\proxy.js:359:13)
    at processTicksAndRejections (node:internal/process/task_queues:103:5)
    at AndroidUiautomator2Driver.getScreenshot (C:\Users\user\.appium\node_modules\appium-uiautomator2-driver\lib\commands\screenshot.js:42:5)
2026-05-24 05:54:39,577 [ERROR] Pixel check failed: Message: An unknown server-side error occurred while processing the command. Original error: 'GET /screenshot' cannot be proxied to UiAutomator2 server because the instrumentation process is not running (probably crashed). Check the server log and/or the logcat output for more details
Stacktrace:
UnknownError: An unknown server-side error occurred while processing the command. Original error: 'GET /screenshot' cannot be proxied to UiAutomator2 server because the instrumentation process is not running (probably crashed). Check the server log and/or the logcat output for more details
    at UIA2Proxy.command (C:\Users\user\AppData\Roaming\npm\node_modules\appium\node_modules\@appium\base-driver\lib\jsonwp-proxy\proxy.js:359:13)
    at processTicksAndRejections (node:internal/process/task_queues:103:5)
    at AndroidUiautomator2Driver.getScreenshot (C:\Users\user\.appium\node_modules\appium-uiautomator2-driver\lib\commands\screenshot.js:42:5)
2026-05-24 05:54:39,585 [ERROR] Pixel check failed: Message: An unknown server-side error occurred while processing the command. Original error: 'GET /screenshot' cannot be proxied to UiAutomator2 server because the instrumentation process is not running (probably crashed). Check the server log and/or the logcat output for more details
Stacktrace:
UnknownError: An unknown server-side error occurred while processing the command. Original error: 'GET /screenshot' cannot be proxied to UiAutomator2 server because the instrumentation process is not running (probably crashed). Check the server log and/or the logcat output for more details
    at UIA2Proxy.command (C:\Users\user\AppData\Roaming\npm\node_modules\appium\node_modules\@appium\base-driver\lib\jsonwp-proxy\proxy.js:359:13)
    at processTicksAndRejections (node:internal/process/task_queues:103:5)
    at AndroidUiautomator2Driver.getScreenshot (C:\Users\user\.appium\node_modules\appium-uiautomator2-driver\lib\commands\screenshot.js:42:5)
2026-05-24 05:54:39,589 [ERROR] Pixel check failed: Message: An unknown server-side error occurred while processing the command. Original error: 'GET /screenshot' cannot be proxied to UiAutomator2 server because the instrumentation process is not running (probably crashed). Check the server log and/or the logcat output for more details
Stacktrace:
UnknownError: An unknown server-side error occurred while processing the command. Original error: 'GET /screenshot' cannot be proxied to UiAutomator2 server because the instrumentation process is not running (probably crashed). Check the server log and/or the logcat output for more details
    at UIA2Proxy.command (C:\Users\user\AppData\Roaming\npm\node_modules\appium\node_modules\@appium\base-driver\lib\jsonwp-proxy\proxy.js:359:13)
    at processTicksAndRejections (node:internal/process/task_queues:103:5)
    at AndroidUiautomator2Driver.getScreenshot (C:\Users\user\.appium\node_modules\appium-uiautomator2-driver\lib\commands\screenshot.js:42:5)
2026-05-24 05:54:39,589 [ERROR] Pixel check failed: Message: An unknown server-side error occurred while processing the command. Original error: 'GET /screenshot' cannot be proxied to UiAutomator2 server because the instrumentation process is not running (probably crashed). Check the server log and/or the logcat output for more details
Stacktrace:
UnknownError: An unknown server-side error occurred while processing the command. Original error: 'GET /screenshot' cannot be proxied to UiAutomator2 server because the instrumentation process is not running (probably crashed). Check the server log and/or the logcat output for more details
    at UIA2Proxy.command (C:\Users\user\AppData\Roaming\npm\node_modules\appium\node_modules\@appium\base-driver\lib\jsonwp-proxy\proxy.js:359:13)
    at processTicksAndRejections (node:internal/process/task_queues:103:5)
    at AndroidUiautomator2Driver.getScreenshot (C:\Users\user\.appium\node_modules\appium-uiautomator2-driver\lib\commands\screenshot.js:42:5)
2026-05-24 05:54:39,596 [ERROR] Pixel check failed: Message: An unknown server-side error occurred while processing the command. Original error: 'GET /screenshot' cannot be proxied to UiAutomator2 server because the instrumentation process is not running (probably crashed). Check the server log and/or the logcat output for more details
Stacktrace:
UnknownError: An unknown server-side error occurred while processing the command. Original error: 'GET /screenshot' cannot be proxied to UiAutomator2 server because the instrumentation process is not running (probably crashed). Check the server log and/or the logcat output for more details
    at UIA2Proxy.command (C:\Users\user\AppData\Roaming\npm\node_modules\appium\node_modules\@appium\base-driver\lib\jsonwp-proxy\proxy.js:359:13)
    at processTicksAndRejections (node:internal/process/task_queues:103:5)
    at AndroidUiautomator2Driver.getScreenshot (C:\Users\user\.appium\node_modules\appium-uiautomator2-driver\lib\commands\screenshot.js:42:5)
2026-05-24 05:54:39,597 [INFO] Current screen detected: unknown
2026-05-24 05:54:40,601 [ERROR] Pixel check failed: Message: An unknown server-side error occurred while processing the command. Original error: 'GET /screenshot' cannot be proxied to UiAutomator2 server because the instrumentation process is not running (probably crashed). Check the server log and/or the logcat output for more details
Stacktrace:
UnknownError: An unknown server-side error occurred while processing the command. Original error: 'GET /screenshot' cannot be proxied to UiAutomator2 server because the instrumentation process is not running (probably crashed). Check the server log and/or the logcat output for more details
    at UIA2Proxy.command (C:\Users\user\AppData\Roaming\npm\node_modules\appium\node_modules\@appium\base-driver\lib\jsonwp-proxy\proxy.js:359:13)
    at processTicksAndRejections (node:internal/process/task_queues:103:5)
    at AndroidUiautomator2Driver.getScreenshot (C:\Users\user\.appium\node_modules\appium-uiautomator2-driver\lib\commands\screenshot.js:42:5)
2026-05-24 05:54:40,605 [ERROR] Pixel check failed: Message: An unknown server-side error occurred while processing the command. Original error: 'GET /screenshot' cannot be proxied to UiAutomator2 server because the instrumentation process is not running (probably crashed). Check the server log and/or the logcat output for more details
Stacktrace:
UnknownError: An unknown server-side error occurred while processing the command. Original error: 'GET /screenshot' cannot be proxied to UiAutomator2 server because the instrumentation process is not running (probably crashed). Check the server log and/or the logcat output for more details
    at UIA2Proxy.command (C:\Users\user\AppData\Roaming\npm\node_modules\appium\node_modules\@appium\base-driver\lib\jsonwp-proxy\proxy.js:359:13)
    at processTicksAndRejections (node:internal/process/task_queues:103:5)
    at AndroidUiautomator2Driver.getScreenshot (C:\Users\user\.appium\node_modules\appium-uiautomator2-driver\lib\commands\screenshot.js:42:5)
2026-05-24 05:54:40,607 [ERROR] Pixel check failed: Message: An unknown server-side error occurred while processing the command. Original error: 'GET /screenshot' cannot be proxied to UiAutomator2 server because the instrumentation process is not running (probably crashed). Check the server log and/or the logcat output for more details
Stacktrace:
UnknownError: An unknown server-side error occurred while processing the command. Original error: 'GET /screenshot' cannot be proxied to UiAutomator2 server because the instrumentation process is not running (probably crashed). Check the server log and/or the logcat output for more details
    at UIA2Proxy.command (C:\Users\user\AppData\Roaming\npm\node_modules\appium\node_modules\@appium\base-driver\lib\jsonwp-proxy\proxy.js:359:13)
    at processTicksAndRejections (node:internal/process/task_queues:103:5)
    at AndroidUiautomator2Driver.getScreenshot (C:\Users\user\.appium\node_modules\appium-uiautomator2-driver\lib\commands\screenshot.js:42:5)
2026-05-24 05:54:40,613 [ERROR] Pixel check failed: Message: An unknown server-side error occurred while processing the command. Original error: 'GET /screenshot' cannot be proxied to UiAutomator2 server because the instrumentation process is not running (probably crashed). Check the server log and/or the logcat output for more details
Stacktrace:
UnknownError: An unknown server-side error occurred while processing the command. Original error: 'GET /screenshot' cannot be proxied to UiAutomator2 server because the instrumentation process is not running (probably crashed). Check the server log and/or the logcat output for more details
    at UIA2Proxy.command (C:\Users\user\AppData\Roaming\npm\node_modules\appium\node_modules\@appium\base-driver\lib\jsonwp-proxy\proxy.js:359:13)
    at processTicksAndRejections (node:internal/process/task_queues:103:5)
    at AndroidUiautomator2Driver.getScreenshot (C:\Users\user\.appium\node_modules\appium-uiautomator2-driver\lib\commands\screenshot.js:42:5)
2026-05-24 05:54:40,617 [ERROR] Pixel check failed: Message: An unknown server-side error occurred while processing the command. Original error: 'GET /screenshot' cannot be proxied to UiAutomator2 server because the instrumentation process is not running (probably crashed). Check the server log and/or the logcat output for more details
Stacktrace:
UnknownError: An unknown server-side error occurred while processing the command. Original error: 'GET /screenshot' cannot be proxied to UiAutomator2 server because the instrumentation process is not running (probably crashed). Check the server log and/or the logcat output for more details
    at UIA2Proxy.command (C:\Users\user\AppData\Roaming\npm\node_modules\appium\node_modules\@appium\base-driver\lib\jsonwp-proxy\proxy.js:359:13)
    at processTicksAndRejections (node:internal/process/task_queues:103:5)
    at AndroidUiautomator2Driver.getScreenshot (C:\Users\user\.appium\node_modules\appium-uiautomator2-driver\lib\commands\screenshot.js:42:5)
2026-05-24 05:54:40,621 [ERROR] Pixel check failed: Message: An unknown server-side error occurred while processing the command. Original error: 'GET /screenshot' cannot be proxied to UiAutomator2 server because the instrumentation process is not running (probably crashed). Check the server log and/or the logcat output for more details
Stacktrace:
UnknownError: An unknown server-side error occurred while processing the command. Original error: 'GET /screenshot' cannot be proxied to UiAutomator2 server because the instrumentation process is not running (probably crashed). Check the server log and/or the logcat output for more details
    at UIA2Proxy.command (C:\Users\user\AppData\Roaming\npm\node_modules\appium\node_modules\@appium\base-driver\lib\jsonwp-proxy\proxy.js:359:13)
    at processTicksAndRejections (node:internal/process/task_queues:103:5)
    at AndroidUiautomator2Driver.getScreenshot (C:\Users\user\.appium\node_modules\appium-uiautomator2-driver\lib\commands\screenshot.js:42:5)
2026-05-24 05:54:40,626 [ERROR] Pixel check failed: Message: An unknown server-side error occurred while processing the command. Original error: 'GET /screenshot' cannot be proxied to UiAutomator2 server because the instrumentation process is not running (probably crashed). Check the server log and/or the logcat output for more details
Stacktrace:
UnknownError: An unknown server-side error occurred while processing the command. Original error: 'GET /screenshot' cannot be proxied to UiAutomator2 server because the instrumentation process is not running (probably crashed). Check the server log and/or the logcat output for more details
    at UIA2Proxy.command (C:\Users\user\AppData\Roaming\npm\node_modules\appium\node_modules\@appium\base-driver\lib\jsonwp-proxy\proxy.js:359:13)
    at processTicksAndRejections (node:internal/process/task_queues:103:5)
    at AndroidUiautomator2Driver.getScreenshot (C:\Users\user\.appium\node_modules\appium-uiautomator2-driver\lib\commands\screenshot.js:42:5)
2026-05-24 05:54:40,627 [INFO] Current screen detected: unknown
2026-05-24 05:54:41,631 [ERROR] Pixel check failed: Message: An unknown server-side error occurred while processing the command. Original error: 'GET /screenshot' cannot be proxied to UiAutomator2 server because the instrumentation process is not running (probably crashed). Check the server log and/or the logcat output for more details
Stacktrace:
UnknownError: An unknown server-side error occurred while processing the command. Original error: 'GET /screenshot' cannot be proxied to UiAutomator2 server because the instrumentation process is not running (probably crashed). Check the server log and/or the logcat output for more details
    at UIA2Proxy.command (C:\Users\user\AppData\Roaming\npm\node_modules\appium\node_modules\@appium\base-driver\lib\jsonwp-proxy\proxy.js:359:13)
    at processTicksAndRejections (node:internal/process/task_queues:103:5)
    at AndroidUiautomator2Driver.getScreenshot (C:\Users\user\.appium\node_modules\appium-uiautomator2-driver\lib\commands\screenshot.js:42:5)
2026-05-24 05:54:41,636 [ERROR] Pixel check failed: Message: An unknown server-side error occurred while processing the command. Original error: 'GET /screenshot' cannot be proxied to UiAutomator2 server because the instrumentation process is not running (probably crashed). Check the server log and/or the logcat output for more details
Stacktrace:
UnknownError: An unknown server-side error occurred while processing the command. Original error: 'GET /screenshot' cannot be proxied to UiAutomator2 server because the instrumentation process is not running (probably crashed). Check the server log and/or the logcat output for more details
    at UIA2Proxy.command (C:\Users\user\AppData\Roaming\npm\node_modules\appium\node_modules\@appium\base-driver\lib\jsonwp-proxy\proxy.js:359:13)
    at processTicksAndRejections (node:internal/process/task_queues:103:5)
    at AndroidUiautomator2Driver.getScreenshot (C:\Users\user\.appium\node_modules\appium-uiautomator2-driver\lib\commands\screenshot.js:42:5)
2026-05-24 05:54:41,641 [ERROR] Pixel check failed: Message: An unknown server-side error occurred while processing the command. Original error: 'GET /screenshot' cannot be proxied to UiAutomator2 server because the instrumentation process is not running (probably crashed). Check the server log and/or the logcat output for more details
Stacktrace:
UnknownError: An unknown server-side error occurred while processing the command. Original error: 'GET /screenshot' cannot be proxied to UiAutomator2 server because the instrumentation process is not running (probably crashed). Check the server log and/or the logcat output for more details
    at UIA2Proxy.command (C:\Users\user\AppData\Roaming\npm\node_modules\appium\node_modules\@appium\base-driver\lib\jsonwp-proxy\proxy.js:359:13)
    at processTicksAndRejections (node:internal/process/task_queues:103:5)
    at AndroidUiautomator2Driver.getScreenshot (C:\Users\user\.appium\node_modules\appium-uiautomator2-driver\lib\commands\screenshot.js:42:5)
2026-05-24 05:54:41,646 [ERROR] Pixel check failed: Message: An unknown server-side error occurred while processing the command. Original error: 'GET /screenshot' cannot be proxied to UiAutomator2 server because the instrumentation process is not running (probably crashed). Check the server log and/or the logcat output for more details
Stacktrace:
UnknownError: An unknown server-side error occurred while processing the command. Original error: 'GET /screenshot' cannot be proxied to UiAutomator2 server because the instrumentation process is not running (probably crashed). Check the server log and/or the logcat output for more details
    at UIA2Proxy.command (C:\Users\user\AppData\Roaming\npm\node_modules\appium\node_modules\@appium\base-driver\lib\jsonwp-proxy\proxy.js:359:13)
    at processTicksAndRejections (node:internal/process/task_queues:103:5)
    at AndroidUiautomator2Driver.getScreenshot (C:\Users\user\.appium\node_modules\appium-uiautomator2-driver\lib\commands\screenshot.js:42:5)
2026-05-24 05:54:41,651 [ERROR] Pixel check failed: Message: An unknown server-side error occurred while processing the command. Original error: 'GET /screenshot' cannot be proxied to UiAutomator2 server because the instrumentation process is not running (probably crashed). Check the server log and/or the logcat output for more details
Stacktrace:
UnknownError: An unknown server-side error occurred while processing the command. Original error: 'GET /screenshot' cannot be proxied to UiAutomator2 server because the instrumentation process is not running (probably crashed). Check the server log and/or the logcat output for more details
    at UIA2Proxy.command (C:\Users\user\AppData\Roaming\npm\node_modules\appium\node_modules\@appium\base-driver\lib\jsonwp-proxy\proxy.js:359:13)
    at processTicksAndRejections (node:internal/process/task_queues:103:5)
    at AndroidUiautomator2Driver.getScreenshot (C:\Users\user\.appium\node_modules\appium-uiautomator2-driver\lib\commands\screenshot.js:42:5)
2026-05-24 05:54:41,655 [ERROR] Pixel check failed: Message: An unknown server-side error occurred while processing the command. Original error: 'GET /screenshot' cannot be proxied to UiAutomator2 server because the instrumentation process is not running (probably crashed). Check the server log and/or the logcat output for more details
Stacktrace:
UnknownError: An unknown server-side error occurred while processing the command. Original error: 'GET /screenshot' cannot be proxied to UiAutomator2 server because the instrumentation process is not running (probably crashed). Check the server log and/or the logcat output for more details
    at UIA2Proxy.command (C:\Users\user\AppData\Roaming\npm\node_modules\appium\node_modules\@appium\base-driver\lib\jsonwp-proxy\proxy.js:359:13)
    at processTicksAndRejections (node:internal/process/task_queues:103:5)
    at AndroidUiautomator2Driver.getScreenshot (C:\Users\user\.appium\node_modules\appium-uiautomator2-driver\lib\commands\screenshot.js:42:5)
2026-05-24 05:54:41,661 [ERROR] Pixel check failed: Message: An unknown server-side error occurred while processing the command. Original error: 'GET /screenshot' cannot be proxied to UiAutomator2 server because the instrumentation process is not running (probably crashed). Check the server log and/or the logcat output for more details
Stacktrace:
UnknownError: An unknown server-side error occurred while processing the command. Original error: 'GET /screenshot' cannot be proxied to UiAutomator2 server because the instrumentation process is not running (probably crashed). Check the server log and/or the logcat output for more details
    at UIA2Proxy.command (C:\Users\user\AppData\Roaming\npm\node_modules\appium\node_modules\@appium\base-driver\lib\jsonwp-proxy\proxy.js:359:13)
    at processTicksAndRejections (node:internal/process/task_queues:103:5)
    at AndroidUiautomator2Driver.getScreenshot (C:\Users\user\.appium\node_modules\appium-uiautomator2-driver\lib\commands\screenshot.js:42:5)
2026-05-24 05:54:41,662 [INFO] Current screen detected: unknown
2026-05-24 05:54:42,666 [ERROR] Pixel check failed: Message: An unknown server-side error occurred while processing the command. Original error: 'GET /screenshot' cannot be proxied to UiAutomator2 server because the instrumentation process is not running (probably crashed). Check the server log and/or the logcat output for more details
Stacktrace:
UnknownError: An unknown server-side error occurred while processing the command. Original error: 'GET /screenshot' cannot be proxied to UiAutomator2 server because the instrumentation process is not running (probably crashed). Check the server log and/or the logcat output for more details
    at UIA2Proxy.command (C:\Users\user\AppData\Roaming\npm\node_modules\appium\node_modules\@appium\base-driver\lib\jsonwp-proxy\proxy.js:359:13)
    at processTicksAndRejections (node:internal/process/task_queues:103:5)
    at AndroidUiautomator2Driver.getScreenshot (C:\Users\user\.appium\node_modules\appium-uiautomator2-driver\lib\commands\screenshot.js:42:5)
2026-05-24 05:54:42,668 [ERROR] Pixel check failed: Message: An unknown server-side error occurred while processing the command. Original error: 'GET /screenshot' cannot be proxied to UiAutomator2 server because the instrumentation process is not running (probably crashed). Check the server log and/or the logcat output for more details
Stacktrace:
UnknownError: An unknown server-side error occurred while processing the command. Original error: 'GET /screenshot' cannot be proxied to UiAutomator2 server because the instrumentation process is not running (probably crashed). Check the server log and/or the logcat output for more details
    at UIA2Proxy.command (C:\Users\user\AppData\Roaming\npm\node_modules\appium\node_modules\@appium\base-driver\lib\jsonwp-proxy\proxy.js:359:13)
    at processTicksAndRejections (node:internal/process/task_queues:103:5)
    at AndroidUiautomator2Driver.getScreenshot (C:\Users\user\.appium\node_modules\appium-uiautomator2-driver\lib\commands\screenshot.js:42:5)
2026-05-24 05:54:42,675 [ERROR] Pixel check failed: Message: An unknown server-side error occurred while processing the command. Original error: 'GET /screenshot' cannot be proxied to UiAutomator2 server because the instrumentation process is not running (probably crashed). Check the server log and/or the logcat output for more details
Stacktrace:
UnknownError: An unknown server-side error occurred while processing the command. Original error: 'GET /screenshot' cannot be proxied to UiAutomator2 server because the instrumentation process is not running (probably crashed). Check the server log and/or the logcat output for more details
    at UIA2Proxy.command (C:\Users\user\AppData\Roaming\npm\node_modules\appium\node_modules\@appium\base-driver\lib\jsonwp-proxy\proxy.js:359:13)
    at processTicksAndRejections (node:internal/process/task_queues:103:5)
    at AndroidUiautomator2Driver.getScreenshot (C:\Users\user\.appium\node_modules\appium-uiautomator2-driver\lib\commands\screenshot.js:42:5)
2026-05-24 05:54:42,679 [ERROR] Pixel check failed: Message: An unknown server-side error occurred while processing the command. Original error: 'GET /screenshot' cannot be proxied to UiAutomator2 server because the instrumentation process is not running (probably crashed). Check the server log and/or the logcat output for more details
Stacktrace:
UnknownError: An unknown server-side error occurred while processing the command. Original error: 'GET /screenshot' cannot be proxied to UiAutomator2 server because the instrumentation process is not running (probably crashed). Check the server log and/or the logcat output for more details
    at UIA2Proxy.command (C:\Users\user\AppData\Roaming\npm\node_modules\appium\node_modules\@appium\base-driver\lib\jsonwp-proxy\proxy.js:359:13)
    at processTicksAndRejections (node:internal/process/task_queues:103:5)
    at AndroidUiautomator2Driver.getScreenshot (C:\Users\user\.appium\node_modules\appium-uiautomator2-driver\lib\commands\screenshot.js:42:5)
2026-05-24 05:54:42,683 [ERROR] Pixel check failed: Message: An unknown server-side error occurred while processing the command. Original error: 'GET /screenshot' cannot be proxied to UiAutomator2 server because the instrumentation process is not running (probably crashed). Check the server log and/or the logcat output for more details
Stacktrace:
UnknownError: An unknown server-side error occurred while processing the command. Original error: 'GET /screenshot' cannot be proxied to UiAutomator2 server because the instrumentation process is not running (probably crashed). Check the server log and/or the logcat output for more details
    at UIA2Proxy.command (C:\Users\user\AppData\Roaming\npm\node_modules\appium\node_modules\@appium\base-driver\lib\jsonwp-proxy\proxy.js:359:13)
    at processTicksAndRejections (node:internal/process/task_queues:103:5)
    at AndroidUiautomator2Driver.getScreenshot (C:\Users\user\.appium\node_modules\appium-uiautomator2-driver\lib\commands\screenshot.js:42:5)
2026-05-24 05:54:42,688 [ERROR] Pixel check failed: Message: An unknown server-side error occurred while processing the command. Original error: 'GET /screenshot' cannot be proxied to UiAutomator2 server because the instrumentation process is not running (probably crashed). Check the server log and/or the logcat output for more details
Stacktrace:
UnknownError: An unknown server-side error occurred while processing the command. Original error: 'GET /screenshot' cannot be proxied to UiAutomator2 server because the instrumentation process is not running (probably crashed). Check the server log and/or the logcat output for more details
    at UIA2Proxy.command (C:\Users\user\AppData\Roaming\npm\node_modules\appium\node_modules\@appium\base-driver\lib\jsonwp-proxy\proxy.js:359:13)
    at processTicksAndRejections (node:internal/process/task_queues:103:5)
    at AndroidUiautomator2Driver.getScreenshot (C:\Users\user\.appium\node_modules\appium-uiautomator2-driver\lib\commands\screenshot.js:42:5)
2026-05-24 05:54:42,693 [ERROR] Pixel check failed: Message: An unknown server-side error occurred while processing the command. Original error: 'GET /screenshot' cannot be proxied to UiAutomator2 server because the instrumentation process is not running (probably crashed). Check the server log and/or the logcat output for more details
Stacktrace:
UnknownError: An unknown server-side error occurred while processing the command. Original error: 'GET /screenshot' cannot be proxied to UiAutomator2 server because the instrumentation process is not running (probably crashed). Check the server log and/or the logcat output for more details
    at UIA2Proxy.command (C:\Users\user\AppData\Roaming\npm\node_modules\appium\node_modules\@appium\base-driver\lib\jsonwp-proxy\proxy.js:359:13)
    at processTicksAndRejections (node:internal/process/task_queues:103:5)
    at AndroidUiautomator2Driver.getScreenshot (C:\Users\user\.appium\node_modules\appium-uiautomator2-driver\lib\commands\screenshot.js:42:5)
2026-05-24 05:54:42,693 [INFO] Current screen detected: unknown
2026-05-24 05:54:43,697 [ERROR] Pixel check failed: Message: An unknown server-side error occurred while processing the command. Original error: 'GET /screenshot' cannot be proxied to UiAutomator2 server because the instrumentation process is not running (probably crashed). Check the server log and/or the logcat output for more details
Stacktrace:
UnknownError: An unknown server-side error occurred while processing the command. Original error: 'GET /screenshot' cannot be proxied to UiAutomator2 server because the instrumentation process is not running (probably crashed). Check the server log and/or the logcat output for more details
    at UIA2Proxy.command (C:\Users\user\AppData\Roaming\npm\node_modules\appium\node_modules\@appium\base-driver\lib\jsonwp-proxy\proxy.js:359:13)
    at processTicksAndRejections (node:internal/process/task_queues:103:5)
    at AndroidUiautomator2Driver.getScreenshot (C:\Users\user\.appium\node_modules\appium-uiautomator2-driver\lib\commands\screenshot.js:42:5)
2026-05-24 05:54:43,702 [ERROR] Pixel check failed: Message: An unknown server-side error occurred while processing the command. Original error: 'GET /screenshot' cannot be proxied to UiAutomator2 server because the instrumentation process is not running (probably crashed). Check the server log and/or the logcat output for more details
Stacktrace:
UnknownError: An unknown server-side error occurred while processing the command. Original error: 'GET /screenshot' cannot be proxied to UiAutomator2 server because the instrumentation process is not running (probably crashed). Check the server log and/or the logcat output for more details
    at UIA2Proxy.command (C:\Users\user\AppData\Roaming\npm\node_modules\appium\node_modules\@appium\base-driver\lib\jsonwp-proxy\proxy.js:359:13)
    at processTicksAndRejections (node:internal/process/task_queues:103:5)
    at AndroidUiautomator2Driver.getScreenshot (C:\Users\user\.appium\node_modules\appium-uiautomator2-driver\lib\commands\screenshot.js:42:5)
2026-05-24 05:54:43,708 [ERROR] Pixel check failed: Message: An unknown server-side error occurred while processing the command. Original error: 'GET /screenshot' cannot be proxied to UiAutomator2 server because the instrumentation process is not running (probably crashed). Check the server log and/or the logcat output for more details
Stacktrace:
UnknownError: An unknown server-side error occurred while processing the command. Original error: 'GET /screenshot' cannot be proxied to UiAutomator2 server because the instrumentation process is not running (probably crashed). Check the server log and/or the logcat output for more details
    at UIA2Proxy.command (C:\Users\user\AppData\Roaming\npm\node_modules\appium\node_modules\@appium\base-driver\lib\jsonwp-proxy\proxy.js:359:13)
    at processTicksAndRejections (node:internal/process/task_queues:103:5)
    at AndroidUiautomator2Driver.getScreenshot (C:\Users\user\.appium\node_modules\appium-uiautomator2-driver\lib\commands\screenshot.js:42:5)
2026-05-24 05:54:43,713 [ERROR] Pixel check failed: Message: An unknown server-side error occurred while processing the command. Original error: 'GET /screenshot' cannot be proxied to UiAutomator2 server because the instrumentation process is not running (probably crashed). Check the server log and/or the logcat output for more details
Stacktrace:
UnknownError: An unknown server-side error occurred while processing the command. Original error: 'GET /screenshot' cannot be proxied to UiAutomator2 server because the instrumentation process is not running (probably crashed). Check the server log and/or the logcat output for more details
    at UIA2Proxy.command (C:\Users\user\AppData\Roaming\npm\node_modules\appium\node_modules\@appium\base-driver\lib\jsonwp-proxy\proxy.js:359:13)
    at processTicksAndRejections (node:internal/process/task_queues:103:5)
    at AndroidUiautomator2Driver.getScreenshot (C:\Users\user\.appium\node_modules\appium-uiautomator2-driver\lib\commands\screenshot.js:42:5)
2026-05-24 05:54:43,718 [ERROR] Pixel check failed: Message: An unknown server-side error occurred while processing the command. Original error: 'GET /screenshot' cannot be proxied to UiAutomator2 server because the instrumentation process is not running (probably crashed). Check the server log and/or the logcat output for more details
Stacktrace:
UnknownError: An unknown server-side error occurred while processing the command. Original error: 'GET /screenshot' cannot be proxied to UiAutomator2 server because the instrumentation process is not running (probably crashed). Check the server log and/or the logcat output for more details
    at UIA2Proxy.command (C:\Users\user\AppData\Roaming\npm\node_modules\appium\node_modules\@appium\base-driver\lib\jsonwp-proxy\proxy.js:359:13)
    at processTicksAndRejections (node:internal/process/task_queues:103:5)
    at AndroidUiautomator2Driver.getScreenshot (C:\Users\user\.appium\node_modules\appium-uiautomator2-driver\lib\commands\screenshot.js:42:5)
2026-05-24 05:54:43,722 [ERROR] Pixel check failed: Message: An unknown server-side error occurred while processing the command. Original error: 'GET /screenshot' cannot be proxied to UiAutomator2 server because the instrumentation process is not running (probably crashed). Check the server log and/or the logcat output for more details
Stacktrace:
UnknownError: An unknown server-side error occurred while processing the command. Original error: 'GET /screenshot' cannot be proxied to UiAutomator2 server because the instrumentation process is not running (probably crashed). Check the server log and/or the logcat output for more details
    at UIA2Proxy.command (C:\Users\user\AppData\Roaming\npm\node_modules\appium\node_modules\@appium\base-driver\lib\jsonwp-proxy\proxy.js:359:13)
    at processTicksAndRejections (node:internal/process/task_queues:103:5)
    at AndroidUiautomator2Driver.getScreenshot (C:\Users\user\.appium\node_modules\appium-uiautomator2-driver\lib\commands\screenshot.js:42:5)
2026-05-24 05:54:43,725 [ERROR] Pixel check failed: Message: An unknown server-side error occurred while processing the command. Original error: 'GET /screenshot' cannot be proxied to UiAutomator2 server because the instrumentation process is not running (probably crashed). Check the server log and/or the logcat output for more details
Stacktrace:
UnknownError: An unknown server-side error occurred while processing the command. Original error: 'GET /screenshot' cannot be proxied to UiAutomator2 server because the instrumentation process is not running (probably crashed). Check the server log and/or the logcat output for more details
    at UIA2Proxy.command (C:\Users\user\AppData\Roaming\npm\node_modules\appium\node_modules\@appium\base-driver\lib\jsonwp-proxy\proxy.js:359:13)
    at processTicksAndRejections (node:internal/process/task_queues:103:5)
    at AndroidUiautomator2Driver.getScreenshot (C:\Users\user\.appium\node_modules\appium-uiautomator2-driver\lib\commands\screenshot.js:42:5)
2026-05-24 05:54:43,725 [INFO] Current screen detected: unknown
2026-05-24 05:54:44,730 [ERROR] Pixel check failed: Message: An unknown server-side error occurred while processing the command. Original error: 'GET /screenshot' cannot be proxied to UiAutomator2 server because the instrumentation process is not running (probably crashed). Check the server log and/or the logcat output for more details
Stacktrace:
UnknownError: An unknown server-side error occurred while processing the command. Original error: 'GET /screenshot' cannot be proxied to UiAutomator2 server because the instrumentation process is not running (probably crashed). Check the server log and/or the logcat output for more details
    at UIA2Proxy.command (C:\Users\user\AppData\Roaming\npm\node_modules\appium\node_modules\@appium\base-driver\lib\jsonwp-proxy\proxy.js:359:13)
    at processTicksAndRejections (node:internal/process/task_queues:103:5)
    at AndroidUiautomator2Driver.getScreenshot (C:\Users\user\.appium\node_modules\appium-uiautomator2-driver\lib\commands\screenshot.js:42:5)
2026-05-24 05:54:44,733 [ERROR] Pixel check failed: Message: An unknown server-side error occurred while processing the command. Original error: 'GET /screenshot' cannot be proxied to UiAutomator2 server because the instrumentation process is not running (probably crashed). Check the server log and/or the logcat output for more details
Stacktrace:
UnknownError: An unknown server-side error occurred while processing the command. Original error: 'GET /screenshot' cannot be proxied to UiAutomator2 server because the instrumentation process is not running (probably crashed). Check the server log and/or the logcat output for more details
    at UIA2Proxy.command (C:\Users\user\AppData\Roaming\npm\node_modules\appium\node_modules\@appium\base-driver\lib\jsonwp-proxy\proxy.js:359:13)
    at processTicksAndRejections (node:internal/process/task_queues:103:5)
    at AndroidUiautomator2Driver.getScreenshot (C:\Users\user\.appium\node_modules\appium-uiautomator2-driver\lib\commands\screenshot.js:42:5)
2026-05-24 05:54:44,738 [ERROR] Pixel check failed: Message: An unknown server-side error occurred while processing the command. Original error: 'GET /screenshot' cannot be proxied to UiAutomator2 server because the instrumentation process is not running (probably crashed). Check the server log and/or the logcat output for more details
Stacktrace:
UnknownError: An unknown server-side error occurred while processing the command. Original error: 'GET /screenshot' cannot be proxied to UiAutomator2 server because the instrumentation process is not running (probably crashed). Check the server log and/or the logcat output for more details
    at UIA2Proxy.command (C:\Users\user\AppData\Roaming\npm\node_modules\appium\node_modules\@appium\base-driver\lib\jsonwp-proxy\proxy.js:359:13)
    at processTicksAndRejections (node:internal/process/task_queues:103:5)
    at AndroidUiautomator2Driver.getScreenshot (C:\Users\user\.appium\node_modules\appium-uiautomator2-driver\lib\commands\screenshot.js:42:5)
2026-05-24 05:54:44,742 [ERROR] Pixel check failed: Message: An unknown server-side error occurred while processing the command. Original error: 'GET /screenshot' cannot be proxied to UiAutomator2 server because the instrumentation process is not running (probably crashed). Check the server log and/or the logcat output for more details
Stacktrace:
UnknownError: An unknown server-side error occurred while processing the command. Original error: 'GET /screenshot' cannot be proxied to UiAutomator2 server because the instrumentation process is not running (probably crashed). Check the server log and/or the logcat output for more details
    at UIA2Proxy.command (C:\Users\user\AppData\Roaming\npm\node_modules\appium\node_modules\@appium\base-driver\lib\jsonwp-proxy\proxy.js:359:13)
    at processTicksAndRejections (node:internal/process/task_queues:103:5)
    at AndroidUiautomator2Driver.getScreenshot (C:\Users\user\.appium\node_modules\appium-uiautomator2-driver\lib\commands\screenshot.js:42:5)
2026-05-24 05:54:44,746 [ERROR] Pixel check failed: Message: An unknown server-side error occurred while processing the command. Original error: 'GET /screenshot' cannot be proxied to UiAutomator2 server because the instrumentation process is not running (probably crashed). Check the server log and/or the logcat output for more details
Stacktrace:
UnknownError: An unknown server-side error occurred while processing the command. Original error: 'GET /screenshot' cannot be proxied to UiAutomator2 server because the instrumentation process is not running (probably crashed). Check the server log and/or the logcat output for more details
    at UIA2Proxy.command (C:\Users\user\AppData\Roaming\npm\node_modules\appium\node_modules\@appium\base-driver\lib\jsonwp-proxy\proxy.js:359:13)
    at processTicksAndRejections (node:internal/process/task_queues:103:5)
    at AndroidUiautomator2Driver.getScreenshot (C:\Users\user\.appium\node_modules\appium-uiautomator2-driver\lib\commands\screenshot.js:42:5)
2026-05-24 05:54:44,752 [ERROR] Pixel check failed: Message: An unknown server-side error occurred while processing the command. Original error: 'GET /screenshot' cannot be proxied to UiAutomator2 server because the instrumentation process is not running (probably crashed). Check the server log and/or the logcat output for more details
Stacktrace:
UnknownError: An unknown server-side error occurred while processing the command. Original error: 'GET /screenshot' cannot be proxied to UiAutomator2 server because the instrumentation process is not running (probably crashed). Check the server log and/or the logcat output for more details
    at UIA2Proxy.command (C:\Users\user\AppData\Roaming\npm\node_modules\appium\node_modules\@appium\base-driver\lib\jsonwp-proxy\proxy.js:359:13)
    at processTicksAndRejections (node:internal/process/task_queues:103:5)
    at AndroidUiautomator2Driver.getScreenshot (C:\Users\user\.appium\node_modules\appium-uiautomator2-driver\lib\commands\screenshot.js:42:5)
2026-05-24 05:54:44,755 [ERROR] Pixel check failed: Message: An unknown server-side error occurred while processing the command. Original error: 'GET /screenshot' cannot be proxied to UiAutomator2 server because the instrumentation process is not running (probably crashed). Check the server log and/or the logcat output for more details
Stacktrace:
UnknownError: An unknown server-side error occurred while processing the command. Original error: 'GET /screenshot' cannot be proxied to UiAutomator2 server because the instrumentation process is not running (probably crashed). Check the server log and/or the logcat output for more details
    at UIA2Proxy.command (C:\Users\user\AppData\Roaming\npm\node_modules\appium\node_modules\@appium\base-driver\lib\jsonwp-proxy\proxy.js:359:13)
    at processTicksAndRejections (node:internal/process/task_queues:103:5)
    at AndroidUiautomator2Driver.getScreenshot (C:\Users\user\.appium\node_modules\appium-uiautomator2-driver\lib\commands\screenshot.js:42:5)
2026-05-24 05:54:44,756 [INFO] Current screen detected: unknown
2026-05-24 05:54:45,759 [ERROR] Pixel check failed: Message: An unknown server-side error occurred while processing the command. Original error: 'GET /screenshot' cannot be proxied to UiAutomator2 server because the instrumentation process is not running (probably crashed). Check the server log and/or the logcat output for more details
Stacktrace:
UnknownError: An unknown server-side error occurred while processing the command. Original error: 'GET /screenshot' cannot be proxied to UiAutomator2 server because the instrumentation process is not running (probably crashed). Check the server log and/or the logcat output for more details
    at UIA2Proxy.command (C:\Users\user\AppData\Roaming\npm\node_modules\appium\node_modules\@appium\base-driver\lib\jsonwp-proxy\proxy.js:359:13)
    at processTicksAndRejections (node:internal/process/task_queues:103:5)
    at AndroidUiautomator2Driver.getScreenshot (C:\Users\user\.appium\node_modules\appium-uiautomator2-driver\lib\commands\screenshot.js:42:5)
2026-05-24 05:54:45,763 [ERROR] Pixel check failed: Message: An unknown server-side error occurred while processing the command. Original error: 'GET /screenshot' cannot be proxied to UiAutomator2 server because the instrumentation process is not running (probably crashed). Check the server log and/or the logcat output for more details
Stacktrace:
UnknownError: An unknown server-side error occurred while processing the command. Original error: 'GET /screenshot' cannot be proxied to UiAutomator2 server because the instrumentation process is not running (probably crashed). Check the server log and/or the logcat output for more details
    at UIA2Proxy.command (C:\Users\user\AppData\Roaming\npm\node_modules\appium\node_modules\@appium\base-driver\lib\jsonwp-proxy\proxy.js:359:13)
    at processTicksAndRejections (node:internal/process/task_queues:103:5)
    at AndroidUiautomator2Driver.getScreenshot (C:\Users\user\.appium\node_modules\appium-uiautomator2-driver\lib\commands\screenshot.js:42:5)
2026-05-24 05:54:45,768 [ERROR] Pixel check failed: Message: An unknown server-side error occurred while processing the command. Original error: 'GET /screenshot' cannot be proxied to UiAutomator2 server because the instrumentation process is not running (probably crashed). Check the server log and/or the logcat output for more details
Stacktrace:
UnknownError: An unknown server-side error occurred while processing the command. Original error: 'GET /screenshot' cannot be proxied to UiAutomator2 server because the instrumentation process is not running (probably crashed). Check the server log and/or the logcat output for more details
    at UIA2Proxy.command (C:\Users\user\AppData\Roaming\npm\node_modules\appium\node_modules\@appium\base-driver\lib\jsonwp-proxy\proxy.js:359:13)
    at processTicksAndRejections (node:internal/process/task_queues:103:5)
    at AndroidUiautomator2Driver.getScreenshot (C:\Users\user\.appium\node_modules\appium-uiautomator2-driver\lib\commands\screenshot.js:42:5)
2026-05-24 05:54:45,771 [ERROR] Pixel check failed: Message: An unknown server-side error occurred while processing the command. Original error: 'GET /screenshot' cannot be proxied to UiAutomator2 server because the instrumentation process is not running (probably crashed). Check the server log and/or the logcat output for more details
Stacktrace:
UnknownError: An unknown server-side error occurred while processing the command. Original error: 'GET /screenshot' cannot be proxied to UiAutomator2 server because the instrumentation process is not running (probably crashed). Check the server log and/or the logcat output for more details
    at UIA2Proxy.command (C:\Users\user\AppData\Roaming\npm\node_modules\appium\node_modules\@appium\base-driver\lib\jsonwp-proxy\proxy.js:359:13)
    at processTicksAndRejections (node:internal/process/task_queues:103:5)
    at AndroidUiautomator2Driver.getScreenshot (C:\Users\user\.appium\node_modules\appium-uiautomator2-driver\lib\commands\screenshot.js:42:5)
2026-05-24 05:54:45,776 [ERROR] Pixel check failed: Message: An unknown server-side error occurred while processing the command. Original error: 'GET /screenshot' cannot be proxied to UiAutomator2 server because the instrumentation process is not running (probably crashed). Check the server log and/or the logcat output for more details
Stacktrace:
UnknownError: An unknown server-side error occurred while processing the command. Original error: 'GET /screenshot' cannot be proxied to UiAutomator2 server because the instrumentation process is not running (probably crashed). Check the server log and/or the logcat output for more details
    at UIA2Proxy.command (C:\Users\user\AppData\Roaming\npm\node_modules\appium\node_modules\@appium\base-driver\lib\jsonwp-proxy\proxy.js:359:13)
    at processTicksAndRejections (node:internal/process/task_queues:103:5)
    at AndroidUiautomator2Driver.getScreenshot (C:\Users\user\.appium\node_modules\appium-uiautomator2-driver\lib\commands\screenshot.js:42:5)
2026-05-24 05:54:45,778 [ERROR] Pixel check failed: Message: An unknown server-side error occurred while processing the command. Original error: 'GET /screenshot' cannot be proxied to UiAutomator2 server because the instrumentation process is not running (probably crashed). Check the server log and/or the logcat output for more details
Stacktrace:
UnknownError: An unknown server-side error occurred while processing the command. Original error: 'GET /screenshot' cannot be proxied to UiAutomator2 server because the instrumentation process is not running (probably crashed). Check the server log and/or the logcat output for more details
    at UIA2Proxy.command (C:\Users\user\AppData\Roaming\npm\node_modules\appium\node_modules\@appium\base-driver\lib\jsonwp-proxy\proxy.js:359:13)
    at processTicksAndRejections (node:internal/process/task_queues:103:5)
    at AndroidUiautomator2Driver.getScreenshot (C:\Users\user\.appium\node_modules\appium-uiautomator2-driver\lib\commands\screenshot.js:42:5)
2026-05-24 05:54:45,784 [ERROR] Pixel check failed: Message: An unknown server-side error occurred while processing the command. Original error: 'GET /screenshot' cannot be proxied to UiAutomator2 server because the instrumentation process is not running (probably crashed). Check the server log and/or the logcat output for more details
Stacktrace:
UnknownError: An unknown server-side error occurred while processing the command. Original error: 'GET /screenshot' cannot be proxied to UiAutomator2 server because the instrumentation process is not running (probably crashed). Check the server log and/or the logcat output for more details
    at UIA2Proxy.command (C:\Users\user\AppData\Roaming\npm\node_modules\appium\node_modules\@appium\base-driver\lib\jsonwp-proxy\proxy.js:359:13)
    at processTicksAndRejections (node:internal/process/task_queues:103:5)
    at AndroidUiautomator2Driver.getScreenshot (C:\Users\user\.appium\node_modules\appium-uiautomator2-driver\lib\commands\screenshot.js:42:5)
2026-05-24 05:54:45,784 [INFO] Current screen detected: unknown
2026-05-24 05:54:46,787 [ERROR] Pixel check failed: Message: An unknown server-side error occurred while processing the command. Original error: 'GET /screenshot' cannot be proxied to UiAutomator2 server because the instrumentation process is not running (probably crashed). Check the server log and/or the logcat output for more details
Stacktrace:
UnknownError: An unknown server-side error occurred while processing the command. Original error: 'GET /screenshot' cannot be proxied to UiAutomator2 server because the instrumentation process is not running (probably crashed). Check the server log and/or the logcat output for more details
    at UIA2Proxy.command (C:\Users\user\AppData\Roaming\npm\node_modules\appium\node_modules\@appium\base-driver\lib\jsonwp-proxy\proxy.js:359:13)
    at processTicksAndRejections (node:internal/process/task_queues:103:5)
    at AndroidUiautomator2Driver.getScreenshot (C:\Users\user\.appium\node_modules\appium-uiautomator2-driver\lib\commands\screenshot.js:42:5)
2026-05-24 05:54:46,793 [ERROR] Pixel check failed: Message: An unknown server-side error occurred while processing the command. Original error: 'GET /screenshot' cannot be proxied to UiAutomator2 server because the instrumentation process is not running (probably crashed). Check the server log and/or the logcat output for more details
Stacktrace:
UnknownError: An unknown server-side error occurred while processing the command. Original error: 'GET /screenshot' cannot be proxied to UiAutomator2 server because the instrumentation process is not running (probably crashed). Check the server log and/or the logcat output for more details
    at UIA2Proxy.command (C:\Users\user\AppData\Roaming\npm\node_modules\appium\node_modules\@appium\base-driver\lib\jsonwp-proxy\proxy.js:359:13)
    at processTicksAndRejections (node:internal/process/task_queues:103:5)
    at AndroidUiautomator2Driver.getScreenshot (C:\Users\user\.appium\node_modules\appium-uiautomator2-driver\lib\commands\screenshot.js:42:5)
2026-05-24 05:54:46,799 [ERROR] Pixel check failed: Message: An unknown server-side error occurred while processing the command. Original error: 'GET /screenshot' cannot be proxied to UiAutomator2 server because the instrumentation process is not running (probably crashed). Check the server log and/or the logcat output for more details
Stacktrace:
UnknownError: An unknown server-side error occurred while processing the command. Original error: 'GET /screenshot' cannot be proxied to UiAutomator2 server because the instrumentation process is not running (probably crashed). Check the server log and/or the logcat output for more details
    at UIA2Proxy.command (C:\Users\user\AppData\Roaming\npm\node_modules\appium\node_modules\@appium\base-driver\lib\jsonwp-proxy\proxy.js:359:13)
    at processTicksAndRejections (node:internal/process/task_queues:103:5)
    at AndroidUiautomator2Driver.getScreenshot (C:\Users\user\.appium\node_modules\appium-uiautomator2-driver\lib\commands\screenshot.js:42:5)
2026-05-24 05:54:46,803 [ERROR] Pixel check failed: Message: An unknown server-side error occurred while processing the command. Original error: 'GET /screenshot' cannot be proxied to UiAutomator2 server because the instrumentation process is not running (probably crashed). Check the server log and/or the logcat output for more details
Stacktrace:
UnknownError: An unknown server-side error occurred while processing the command. Original error: 'GET /screenshot' cannot be proxied to UiAutomator2 server because the instrumentation process is not running (probably crashed). Check the server log and/or the logcat output for more details
    at UIA2Proxy.command (C:\Users\user\AppData\Roaming\npm\node_modules\appium\node_modules\@appium\base-driver\lib\jsonwp-proxy\proxy.js:359:13)
    at processTicksAndRejections (node:internal/process/task_queues:103:5)
    at AndroidUiautomator2Driver.getScreenshot (C:\Users\user\.appium\node_modules\appium-uiautomator2-driver\lib\commands\screenshot.js:42:5)
2026-05-24 05:54:46,809 [ERROR] Pixel check failed: Message: An unknown server-side error occurred while processing the command. Original error: 'GET /screenshot' cannot be proxied to UiAutomator2 server because the instrumentation process is not running (probably crashed). Check the server log and/or the logcat output for more details
Stacktrace:
UnknownError: An unknown server-side error occurred while processing the command. Original error: 'GET /screenshot' cannot be proxied to UiAutomator2 server because the instrumentation process is not running (probably crashed). Check the server log and/or the logcat output for more details
    at UIA2Proxy.command (C:\Users\user\AppData\Roaming\npm\node_modules\appium\node_modules\@appium\base-driver\lib\jsonwp-proxy\proxy.js:359:13)
    at processTicksAndRejections (node:internal/process/task_queues:103:5)
    at AndroidUiautomator2Driver.getScreenshot (C:\Users\user\.appium\node_modules\appium-uiautomator2-driver\lib\commands\screenshot.js:42:5)
2026-05-24 05:54:46,814 [ERROR] Pixel check failed: Message: An unknown server-side error occurred while processing the command. Original error: 'GET /screenshot' cannot be proxied to UiAutomator2 server because the instrumentation process is not running (probably crashed). Check the server log and/or the logcat output for more details
Stacktrace:
UnknownError: An unknown server-side error occurred while processing the command. Original error: 'GET /screenshot' cannot be proxied to UiAutomator2 server because the instrumentation process is not running (probably crashed). Check the server log and/or the logcat output for more details
    at UIA2Proxy.command (C:\Users\user\AppData\Roaming\npm\node_modules\appium\node_modules\@appium\base-driver\lib\jsonwp-proxy\proxy.js:359:13)
    at processTicksAndRejections (node:internal/process/task_queues:103:5)
    at AndroidUiautomator2Driver.getScreenshot (C:\Users\user\.appium\node_modules\appium-uiautomator2-driver\lib\commands\screenshot.js:42:5)
2026-05-24 05:54:46,817 [ERROR] Pixel check failed: Message: An unknown server-side error occurred while processing the command. Original error: 'GET /screenshot' cannot be proxied to UiAutomator2 server because the instrumentation process is not running (probably crashed). Check the server log and/or the logcat output for more details
Stacktrace:
UnknownError: An unknown server-side error occurred while processing the command. Original error: 'GET /screenshot' cannot be proxied to UiAutomator2 server because the instrumentation process is not running (probably crashed). Check the server log and/or the logcat output for more details
    at UIA2Proxy.command (C:\Users\user\AppData\Roaming\npm\node_modules\appium\node_modules\@appium\base-driver\lib\jsonwp-proxy\proxy.js:359:13)
    at processTicksAndRejections (node:internal/process/task_queues:103:5)
    at AndroidUiautomator2Driver.getScreenshot (C:\Users\user\.appium\node_modules\appium-uiautomator2-driver\lib\commands\screenshot.js:42:5)
2026-05-24 05:54:46,817 [INFO] Current screen detected: unknown
2026-05-24 05:54:47,820 [ERROR] Pixel check failed: Message: An unknown server-side error occurred while processing the command. Original error: 'GET /screenshot' cannot be proxied to UiAutomator2 server because the instrumentation process is not running (probably crashed). Check the server log and/or the logcat output for more details
Stacktrace:
UnknownError: An unknown server-side error occurred while processing the command. Original error: 'GET /screenshot' cannot be proxied to UiAutomator2 server because the instrumentation process is not running (probably crashed). Check the server log and/or the logcat output for more details
    at UIA2Proxy.command (C:\Users\user\AppData\Roaming\npm\node_modules\appium\node_modules\@appium\base-driver\lib\jsonwp-proxy\proxy.js:359:13)
    at processTicksAndRejections (node:internal/process/task_queues:103:5)
    at AndroidUiautomator2Driver.getScreenshot (C:\Users\user\.appium\node_modules\appium-uiautomator2-driver\lib\commands\screenshot.js:42:5)
2026-05-24 05:54:47,826 [ERROR] Pixel check failed: Message: An unknown server-side error occurred while processing the command. Original error: 'GET /screenshot' cannot be proxied to UiAutomator2 server because the instrumentation process is not running (probably crashed). Check the server log and/or the logcat output for more details
Stacktrace:
UnknownError: An unknown server-side error occurred while processing the command. Original error: 'GET /screenshot' cannot be proxied to UiAutomator2 server because the instrumentation process is not running (probably crashed). Check the server log and/or the logcat output for more details
    at UIA2Proxy.command (C:\Users\user\AppData\Roaming\npm\node_modules\appium\node_modules\@appium\base-driver\lib\jsonwp-proxy\proxy.js:359:13)
    at processTicksAndRejections (node:internal/process/task_queues:103:5)
    at AndroidUiautomator2Driver.getScreenshot (C:\Users\user\.appium\node_modules\appium-uiautomator2-driver\lib\commands\screenshot.js:42:5)
2026-05-24 05:54:47,830 [ERROR] Pixel check failed: Message: An unknown server-side error occurred while processing the command. Original error: 'GET /screenshot' cannot be proxied to UiAutomator2 server because the instrumentation process is not running (probably crashed). Check the server log and/or the logcat output for more details
Stacktrace:
UnknownError: An unknown server-side error occurred while processing the command. Original error: 'GET /screenshot' cannot be proxied to UiAutomator2 server because the instrumentation process is not running (probably crashed). Check the server log and/or the logcat output for more details
    at UIA2Proxy.command (C:\Users\user\AppData\Roaming\npm\node_modules\appium\node_modules\@appium\base-driver\lib\jsonwp-proxy\proxy.js:359:13)
    at processTicksAndRejections (node:internal/process/task_queues:103:5)
    at AndroidUiautomator2Driver.getScreenshot (C:\Users\user\.appium\node_modules\appium-uiautomator2-driver\lib\commands\screenshot.js:42:5)
2026-05-24 05:54:47,834 [ERROR] Pixel check failed: Message: An unknown server-side error occurred while processing the command. Original error: 'GET /screenshot' cannot be proxied to UiAutomator2 server because the instrumentation process is not running (probably crashed). Check the server log and/or the logcat output for more details
Stacktrace:
UnknownError: An unknown server-side error occurred while processing the command. Original error: 'GET /screenshot' cannot be proxied to UiAutomator2 server because the instrumentation process is not running (probably crashed). Check the server log and/or the logcat output for more details
    at UIA2Proxy.command (C:\Users\user\AppData\Roaming\npm\node_modules\appium\node_modules\@appium\base-driver\lib\jsonwp-proxy\proxy.js:359:13)
    at processTicksAndRejections (node:internal/process/task_queues:103:5)
    at AndroidUiautomator2Driver.getScreenshot (C:\Users\user\.appium\node_modules\appium-uiautomator2-driver\lib\commands\screenshot.js:42:5)
2026-05-24 05:54:47,837 [ERROR] Pixel check failed: Message: An unknown server-side error occurred while processing the command. Original error: 'GET /screenshot' cannot be proxied to UiAutomator2 server because the instrumentation process is not running (probably crashed). Check the server log and/or the logcat output for more details
Stacktrace:
UnknownError: An unknown server-side error occurred while processing the command. Original error: 'GET /screenshot' cannot be proxied to UiAutomator2 server because the instrumentation process is not running (probably crashed). Check the server log and/or the logcat output for more details
    at UIA2Proxy.command (C:\Users\user\AppData\Roaming\npm\node_modules\appium\node_modules\@appium\base-driver\lib\jsonwp-proxy\proxy.js:359:13)
    at processTicksAndRejections (node:internal/process/task_queues:103:5)
    at AndroidUiautomator2Driver.getScreenshot (C:\Users\user\.appium\node_modules\appium-uiautomator2-driver\lib\commands\screenshot.js:42:5)
2026-05-24 05:54:47,840 [ERROR] Pixel check failed: Message: An unknown server-side error occurred while processing the command. Original error: 'GET /screenshot' cannot be proxied to UiAutomator2 server because the instrumentation process is not running (probably crashed). Check the server log and/or the logcat output for more details
Stacktrace:
UnknownError: An unknown server-side error occurred while processing the command. Original error: 'GET /screenshot' cannot be proxied to UiAutomator2 server because the instrumentation process is not running (probably crashed). Check the server log and/or the logcat output for more details
    at UIA2Proxy.command (C:\Users\user\AppData\Roaming\npm\node_modules\appium\node_modules\@appium\base-driver\lib\jsonwp-proxy\proxy.js:359:13)
    at processTicksAndRejections (node:internal/process/task_queues:103:5)
    at AndroidUiautomator2Driver.getScreenshot (C:\Users\user\.appium\node_modules\appium-uiautomator2-driver\lib\commands\screenshot.js:42:5)
2026-05-24 05:54:47,846 [ERROR] Pixel check failed: Message: An unknown server-side error occurred while processing the command. Original error: 'GET /screenshot' cannot be proxied to UiAutomator2 server because the instrumentation process is not running (probably crashed). Check the server log and/or the logcat output for more details
Stacktrace:
UnknownError: An unknown server-side error occurred while processing the command. Original error: 'GET /screenshot' cannot be proxied to UiAutomator2 server because the instrumentation process is not running (probably crashed). Check the server log and/or the logcat output for more details
    at UIA2Proxy.command (C:\Users\user\AppData\Roaming\npm\node_modules\appium\node_modules\@appium\base-driver\lib\jsonwp-proxy\proxy.js:359:13)
    at processTicksAndRejections (node:internal/process/task_queues:103:5)
    at AndroidUiautomator2Driver.getScreenshot (C:\Users\user\.appium\node_modules\appium-uiautomator2-driver\lib\commands\screenshot.js:42:5)
2026-05-24 05:54:47,846 [INFO] Current screen detected: unknown
2026-05-24 05:54:48,533 [INFO] Session closed
